Optimizer,objfname,Iter1,Iter2,Iter3,Iter4,Iter5,Iter6,Iter7,Iter8,Iter9,Iter10
GWO,teamSizeModel,100.0,84.55118957346635,90.83545144188683,53.77853983710056,48.19848029295067,52.134078634789724,50.76931469366812,37.75942471133362,36.44177289753996,36.432350472074376
GWO,teamSizeModel,100.0,69.6490735260714,69.27670262872053,60.84439064160936,40.59604851319894,36.545840419549684,33.97837006571407,39.184816779036,37.05515206357119,37.20828284925713
GWO,teamSizeModel,100.0,91.75958125319507,74.82812047821116,50.16358604943784,38.319756657519534,43.97145494524216,36.384124835253786,34.1806400135699,30.002133222647025,29.86623721558929
GWO,teamSizeModel,100.0,80.39772614508558,60.007173605462015,53.65783513721928,40.41413739138405,37.79680582106088,28.49334679366659,26.585004157539792,27.362505594606368,27.98643125276723
GWO,teamSizeModel,100.0,100.0,63.92041578486739,65.17302574843609,69.9799559234911,56.387796863520464,41.968189534164715,44.008019109598315,30.961510517070128,33.76785377770389
GWO,teamSizeModel,100.0,67.17604180811966,67.99787351047019,49.49022357353613,54.15000932586367,46.48368926243708,36.418990347650876,45.285184696509226,38.90366152775732,39.274855513319
GWO,teamSizeModel,100.0,64.42937124645147,53.08093737310664,40.66477450630197,37.66750668894676,28.782793912713363,22.348773397659244,24.81630781260443,23.87775496076404,22.579796903089395
GWO,teamSizeModel,100.0,88.73143429913702,84.54596703881649,32.68910088017852,36.38358063496144,34.29621298846827,30.339135407977718,34.56518291978053,32.076037246214916,31.17186899831233
GWO,teamSizeModel,100.0,100.0,62.65276049484692,53.38784283090882,49.779465619545114,35.006380792351116,31.513490007209537,25.548348409068122,22.76749645050127,23.28297890926751
GWO,teamSizeModel,100.0,56.04908348262272,40.0679326406306,27.242066642780365,24.33260050161233,23.898932282336073,23.123319240415622,25.345593694016483,26.429764242207092,24.502105338588322
GWO,teamSizeModel,100.0,77.90379189353106,77.21700938213215,65.72359429410938,79.9484594617141,47.79512115407489,41.65484646312028,35.258204327842115,32.50323429923967,34.442062096830405
GWO,teamSizeModel,100.0,78.01419839814739,68.17184248052637,69.85196059282966,62.19331018970634,67.69155271615591,55.342908606475035,61.88327239404931,45.96157709887003,47.74832670736752
GWO,teamSizeModel,100.0,71.84461868229502,79.8222364103885,70.17352590624418,57.78445696864587,52.02717229964091,53.16071075612292,40.354355539656424,37.8808266054087,38.98661089865211
GWO,teamSizeModel,100.0,100.0,79.85516328200548,52.28188945919807,45.2983054377743,37.10889533586252,35.991430484266886,31.427115971137386,32.32672468942941,29.419183218031677
GWO,teamSizeModel,100.0,88.95189718269117,69.01239666988494,56.86910456023622,38.13062422307065,45.780112538015736,40.14141100578551,30.64950322246771,28.89908446514627,31.528621128068536
GWO,teamSizeModel,100.0,81.94140714492758,62.283552276156605,58.761442160384384,42.91661374645332,42.42501180449924,43.314873547530034,36.66580171236642,46.83387225860632,46.6020726087609
GWO,teamSizeModel,100.0,79.26583911041213,46.50114283923629,41.83810303254583,40.03915700815806,47.04310718961112,43.43850766125172,39.247003669305734,33.952119285816906,33.52267290546111
GWO,teamSizeModel,100.0,81.43705514092537,54.050728940916734,44.25475868425405,43.777865349476706,31.508972397154185,29.708230002215398,29.413376596304673,29.2689411597861,30.357548480884
GWO,teamSizeModel,100.0,76.09149714612272,63.024226785968665,45.46207227244467,37.87294197421022,30.464409699995116,30.351368714590425,31.039647850575196,26.118017255263297,25.972033852514333
GWO,teamSizeModel,100.0,100.0,88.08144430574077,50.36511859165503,56.88307873695307,54.44279662325523,37.17459439464761,39.09748048063917,34.21120644988172,34.77999070784406
GWO,teamSizeModel,100.0,75.93000771248592,57.614519025069114,36.612795575002664,34.76352918395151,30.23817869407386,29.643672769705226,30.862675216101724,29.72926132148667,29.570311153892575
GWO,teamSizeModel,100.0,50.623904096666216,60.042011408772844,52.87941056880956,37.15983274903215,34.42848915814999,30.921550328384207,26.759035095756794,29.611553402301627,25.408775028857853
GWO,teamSizeModel,100.0,74.24605342882693,74.19109073797381,82.87912179925522,89.73768043642585,58.23620676461293,59.19216499480815,49.412731929443495,43.567547904877145,37.931663770032685
GWO,teamSizeModel,100.0,97.21214338185689,75.48344152436924,59.43791433668654,44.62128539945731,28.73963689789066,27.531847143306905,26.072674392456108,25.714597544338343,24.861430520366408
GWO,teamSizeModel,100.0,92.38016040112169,80.14521176684029,54.47080377130712,59.89437516964961,42.54721134056667,29.971857500837128,28.461718542532804,26.47268019363102,29.161963144845952
GWO,teamSizeModel,100.0,63.88050396172969,43.08324635584978,43.97621141798115,34.2245119226145,28.349322830682038,24.33676912766869,24.78813619209693,23.59576732570554,23.498257567097593
GWO,teamSizeModel,100.0,83.31453184391086,89.34111660797123,67.72968149854636,62.53558259596213,41.37103406861802,53.89407291732644,42.14350944621474,37.698903182720244,35.21485219575427
GWO,teamSizeModel,100.0,100.0,81.282739885822,43.81772852613089,40.78106951669276,44.1642967372208,37.98447448494884,33.67277084264094,30.324758731542083,34.12884945500458
GWO,teamSizeModel,100.0,84.78095533396562,83.05627923169435,49.06968627543823,46.81818097512496,43.10803260693937,45.66222903694273,36.45231900092727,33.18922483293563,35.54180173883748
GWO,teamSizeModel,100.0,68.12092453249782,73.51455960722663,65.61673681923085,49.193303683981945,39.27866984609831,27.674463575167117,22.304617123293703,24.997083083306507,25.347530112688627
FA,teamSizeModel,100.0,71.37888946367325,54.37050722733778,44.703323777186135,39.72052943197439,33.35971544928872,30.65718671787708,27.447584015751353,26.52697877344206,27.059576601742403
FA,teamSizeModel,100.0,79.55786786953418,58.799891637481686,46.33407642168686,34.11349994614512,27.42228416438463,26.137809706278826,26.141935315410002,24.857774194706554,24.876208878545853
FA,teamSizeModel,100.0,68.92887357888007,49.85091314189631,37.75496753773395,28.420349305656217,26.241854214338566,22.66763767006614,21.933007442427936,21.33587719032661,21.331168760152913
FA,teamSizeModel,100.0,79.10066160513696,60.23097581437942,50.01634813104733,40.281481655906354,31.93076774431114,28.466757017949675,26.292406981726717,24.25584139191239,22.201690894701294
FA,teamSizeModel,100.0,85.648068694872,54.46875776207247,41.89703913419344,31.88481911779921,28.821904548545252,27.306243600423052,26.776500415145932,25.66563904362286,25.56542334489394
FA,teamSizeModel,100.0,72.97067164502941,64.97519752704775,47.28180400088079,35.16628330747825,28.66936945978128,28.938923297396858,28.246176383381233,28.579813743994524,27.99731198505632
FA,teamSizeModel,100.0,88.9631872639812,59.25018823735798,43.35558230749737,38.044408054506654,36.4773976073143,34.45518187460845,31.96304543038136,31.22076772262516,31.090548363965386
FA,teamSizeModel,100.0,72.07958325598382,58.01751957400858,43.15200512459526,30.57764881130937,30.022177192849636,28.30747320408556,27.273382143888835,24.188489700813633,22.282995471689652
FA,teamSizeModel,100.0,60.40674425420267,45.63826752736985,29.825895872390046,26.871291386869316,25.57303924669657,25.567634913557818,25.567357120732936,25.36143687581057,25.156905595012656
FA,teamSizeModel,100.0,76.57146411680117,58.71817733241777,48.47187907030573,36.9798665085401,28.23753245572273,26.556062090021836,25.598764802174422,24.714649163784465,24.711112050727355
FA,teamSizeModel,100.0,68.55374122249718,52.42367412638499,39.75257754283946,27.281632386012127,23.801835804182886,22.800940444468402,21.916846159047356,21.43187980501363,21.476250390632792
FA,teamSizeModel,100.0,71.99793274197151,53.01199619136939,40.42993245340117,34.015611405244144,31.038560830186963,27.063255981148398,26.645550450984413,24.719418232295375,24.709952628446448
FA,teamSizeModel,100.0,69.88865656824707,53.119959205142365,40.40805061329789,29.524942240260355,27.213930478265702,26.38499250961916,25.535472947959796,25.12336823369241,25.126354680078787
FA,teamSizeModel,100.0,80.62450596283655,60.48067568294429,41.795677710207016,36.54096239776267,33.86050901646984,29.129956715031234,28.26960465808041,27.234405778207282,26.89037399878018
FA,teamSizeModel,100.0,80.11149186133251,57.21016270790192,40.96725775343397,31.11631287516074,29.116616504016424,26.615757215655613,26.62449910880607,26.753149857202107,26.698945444860104
FA,teamSizeModel,100.0,67.4861967468379,56.30273093197024,47.0484619345534,33.439626855107015,27.31404612558526,24.001197360592897,24.352244807423183,24.15493646587528,22.672993046717117
FA,teamSizeModel,100.0,81.48974026633236,67.45287487337657,54.158720192896794,40.988146701807516,30.162403921790915,24.750603160898628,23.041879091750904,22.082404220037603,20.50812057845709
FA,teamSizeModel,100.0,62.34527879704266,43.559009820256236,35.42266267307436,31.364453818471315,28.157457969367467,26.08356367115143,25.207336139120827,24.99665167464421,24.944452470152385
FA,teamSizeModel,100.0,74.71993255385853,52.25534439431093,38.34108948755449,31.094385825147974,29.256038416609524,27.38237945404206,26.726351958255094,26.403610794226896,26.179452190611034
FA,teamSizeModel,100.0,69.96985796458469,50.94998242295461,42.70638101326634,39.40607867230377,36.857308453934124,35.66577810417,31.719103427333156,29.91160712324724,28.72828334013049
FA,teamSizeModel,100.0,75.21784595913701,64.08157074557103,55.76769137379384,50.0981960066995,39.55953196056084,27.70848472759478,26.09625149984623,25.17662963422541,22.651177517649906
FA,teamSizeModel,100.0,76.71799161552002,55.89532693311544,40.82883794220349,37.56396165056885,34.03015948668567,33.57271574797278,31.36185872183694,30.051726988882294,29.485706504294367
FA,teamSizeModel,100.0,81.68641402406756,53.91988153859136,36.967232265861945,35.0914506400321,34.26461739770874,33.83065833574399,32.45126553338192,30.886589544245346,30.106832728762335
FA,teamSizeModel,100.0,76.56914697713955,61.53383510931912,47.76679405180509,39.366750921272015,37.030547210096664,31.60751576671206,30.20101019104555,28.017210409170286,27.9971525005007
FA,teamSizeModel,100.0,64.340877063971,45.306184883614634,36.861197117345476,32.205754604262914,31.301298029892884,30.153148800920114,27.828580888604108,26.86332562469755,26.807616543384285
FA,teamSizeModel,100.0,73.71390537348002,57.649330361970605,43.38104836318401,26.94586034017179,24.471093550582093,23.73417327254657,23.077387692566205,21.851047736259556,21.36013300765157
FA,teamSizeModel,100.0,80.71774761137553,57.02685091218792,38.93359653459405,33.17155779636903,31.46487806705255,29.90756528512677,26.833482178424156,23.93845385958742,23.3611181368468
FA,teamSizeModel,100.0,64.55127964626463,44.675580473839986,29.098285366404763,24.68254260236205,24.556097526623105,24.45544170965788,24.051409988869587,24.002866930217355,23.989535194749585
FA,teamSizeModel,100.0,87.03075193417114,68.42357846933733,55.201874388810666,39.414440411216866,29.135790871263346,27.227757441717554,22.8307019041859,22.75093551338812,22.68024782927273
FA,teamSizeModel,100.0,61.17290758889054,41.30892643208598,31.75950527227853,28.886731249863146,27.73141564823532,26.743561751816593,25.627959498390634,25.13550897585481,24.059720167286535
GWOEL,teamSizeModel,100.0,84.26696970863402,71.76930324424595,70.96762017207443,65.05043559176086,81.19862318835852,97.08912694032963,87.90794699474634,100.0,100.0
GWOEL,teamSizeModel,100.0,90.84844229154452,77.41079084352658,81.3355569131841,73.94702904236851,68.05987993788219,70.55802469015626,76.8127312519597,76.51370145617629,76.51370145617629
GWOEL,teamSizeModel,100.0,100.0,100.0,100.0,100.0,100.0,100.0,100.0,66.67843914857771,77.48494749928099
GWOEL,teamSizeModel,100.0,100.0,100.0,86.01889668207403,86.01889668207403,94.31277153169117,100.0,91.07902492565549,95.44157760672218,100.0
GWOEL,teamSizeModel,100.0,100.0,100.0,95.32305986901714,83.86794563516037,77.90315242463144,77.526587196694,75.79438714818181,79.3039750725587,84.13907259927534
GWOEL,teamSizeModel,100.0,48.71159918493055,71.47835825589203,51.128511402653906,72.3474771192854,40.449776045263,40.84451528999145,41.260030284442465,47.61740969954289,37.17067021405378
GWOEL,teamSizeModel,100.0,91.43616475868629,97.043664894424,97.45373718326196,100.0,100.0,98.37562847855209,97.98645613487187,100.0,100.0
GWOEL,teamSizeModel,100.0,82.4600111747554,79.57420204481433,71.5307765975318,69.08500219307822,69.13616902162329,67.12019597694815,64.63860479251302,57.67735776895838,51.86736438766748
GWOEL,teamSizeModel,100.0,100.0,73.17543436280467,63.7972932372854,68.71751516581487,66.6371528738863,64.62283382932057,62.795637318949424,61.79810910357363,62.97175264525027
GWOEL,teamSizeModel,100.0,100.0,53.758551198173556,50.72914733480113,55.28986501545155,55.27174295844234,57.84507505374972,57.86319711075893,55.85466912557182,79.63382826448623
GWOEL,teamSizeModel,100.0,64.39072234930453,58.06539013503627,58.17137012804427,51.544831617858456,48.86186442644483,80.45505813157315,82.42963273814368,71.35751241598977,72.30017656432432
GWOEL,teamSizeModel,100.0,100.0,94.42540790731938,87.38381789551218,82.86872429997847,83.96082275088372,82.21672522481111,81.23872661206016,80.55412758313446,81.04312688950995
GWOEL,teamSizeModel,100.0,99.24903973222506,96.42269836078121,100.0,100.0,100.0,100.0,91.63085744103658,91.559326308054,92.6084495917987
GWOEL,teamSizeModel,100.0,80.24632267581133,47.86063227183295,48.30767997276411,47.70319373367894,72.70093495835579,63.550062888860516,51.20765897184799,55.592613812285826,54.47305087430171
GWOEL,teamSizeModel,100.0,82.55819487703162,63.71992817496248,76.12050699737712,64.5159112750499,56.48974834916832,54.77559176082214,54.21700712918185,52.72279323954404,72.19644996010405
GWOEL,teamSizeModel,100.0,67.49488508179824,58.91578131721024,57.522203496203105,64.36372282401898,64.78495541475164,55.04746202564884,54.84386627346141,58.17862428342813,62.78410060877161
GWOEL,teamSizeModel,100.0,100.0,98.91261001104507,100.0,99.14794249368276,100.0,99.33230234435257,99.33230234435257,98.07394907024783,98.76732740495862
GWOEL,teamSizeModel,100.0,87.1255328181696,79.0266806139206,96.41418600480567,100.0,100.0,100.0,95.15228280104758,94.91795206031271,94.2442511807
GWOEL,teamSizeModel,100.0,93.21198886291513,100.0,59.30764665933229,57.64511860455794,56.44628885077506,52.301278428497476,50.944112669498,50.67267951769811,52.02984527669757
GWOEL,teamSizeModel,100.0,100.0,61.98992687870821,66.91660665940405,100.0,100.0,98.2807950763135,97.34478350675087,96.881553291202,95.1766750752129
GWOEL,teamSizeModel,100.0,100.0,100.0,98.69333286055783,96.19563284180117,93.42041059873817,88.34406657913544,84.44719201283452,99.0402356409407,88.47126426527583
GWOEL,teamSizeModel,100.0,100.0,85.66714098672486,77.22940006958,84.0426875177433,80.51597549378042,100.0,100.0,100.0,92.07917920107714
GWOEL,teamSizeModel,100.0,88.64508026260721,100.0,99.09741574979944,92.37753042895156,95.00958256502024,91.3875993158284,71.82190202115862,66.35981152639665,60.75505448886105
GWOEL,teamSizeModel,100.0,100.0,93.58570809180162,95.78357648526574,95.78357648526574,95.78357648526574,95.78357648526574,90.89600900889096,91.9513956966616,91.80794507890639
GWOEL,teamSizeModel,100.0,100.0,98.1157376845563,100.0,81.9749730443729,74.415372486701,67.80211367778045,81.24016651004841,82.59844525531493,81.16223248368067
GWOEL,teamSizeModel,100.0,89.57513697688513,67.88199548083776,64.52073684994647,74.5673032374813,64.91763823809599,84.78751398233153,92.35344669393184,95.4046261153313,95.4046261153313
GWOEL,teamSizeModel,100.0,100.0,99.59335666976715,91.9857376999948,87.8684739813875,98.10233112558018,95.40831906278778,86.24190066045618,100.0,98.21100316375954
GWOEL,teamSizeModel,100.0,96.03400475086961,75.46816914574033,72.74453385416886,72.7063073939363,76.75831217859,72.76364708428515,72.92610954027361,72.55340155300594,74.2831488785303
GWOEL,teamSizeModel,100.0,93.7801657273993,95.97421729928755,93.76003681389568,92.02895025258935,92.51204417667485,92.99513810076036,89.49270715114054,89.49270715114054,93.47823202484584
GWOEL,teamSizeModel,100.0,98.03593782748175,85.51355355178953,82.20440637627391,82.32344044733561,78.6512393550818,75.35994729022542,76.03844149527718,80.2373683519791,80.77897337530989
PSO,teamSizeModel,100.0,76.56673826083345,58.41421156147907,53.29349879560059,58.13917327815554,81.32073331561386,66.73203600865797,54.23613000299131,62.36809524659098,67.54214877044735
PSO,teamSizeModel,100.0,62.53640234876694,57.84201407444293,45.37855046892768,34.7559337273205,45.90777487802137,50.345176659745164,49.371373244164936,45.075047133453204,43.22123655923588
PSO,teamSizeModel,100.0,62.13025750574359,40.74944429932428,52.833154612579634,65.11153090343515,65.79826921330245,65.03943239321289,51.613788558445215,51.0424078649336,42.14455047212555
PSO,teamSizeModel,100.0,73.58098731755382,63.72603452945207,79.21162113195189,69.5402954408835,52.656903546088365,71.3837323467109,64.05298033636508,47.13420663506843,68.39150640700416
PSO,teamSizeModel,100.0,87.33569257884714,76.88525844748229,37.56163170123721,38.93161458110063,31.223526718376398,36.4451730206882,25.770375924202366,31.3705231438005,30.017501389947537
PSO,teamSizeModel,100.0,92.20972408945231,90.46946755171376,51.29909598499815,42.09559161091781,46.221401154247594,39.755296954881835,43.26500896555587,42.25180591422152,40.19985074325547
PSO,teamSizeModel,100.0,72.63532266612623,46.77560055475296,58.32549419455351,68.2479955768027,69.0030239596165,56.840945144561495,47.04725772627212,57.16999467626075,38.55318841961666
PSO,teamSizeModel,100.0,66.57849552464965,39.9357834171308,42.04177829634826,59.47739662644005,61.67141095973666,54.20658461158229,47.60383115190909,50.98287210593318,59.52658396842544
PSO,teamSizeModel,100.0,83.5752532979497,50.017591467202735,41.62073726553863,48.16236871924471,45.75519116816524,42.33783218495786,38.796990051725984,35.78355486649023,40.005042073652156
PSO,teamSizeModel,100.0,93.64795681981096,86.19463061147769,89.79346622130613,77.3253690812447,50.341476670666076,37.352236669072084,37.741864704699005,34.01274337948739,24.957271605098317
PSO,teamSizeModel,100.0,52.60513424864629,39.87955139801625,32.97481874720122,41.667130952279926,35.31496582550413,32.406902125272,48.875697027994036,38.83738700794797,47.68397732515158
PSO,teamSizeModel,100.0,100.0,89.94765434910839,77.75617461424714,79.8525260165374,67.04782784427151,44.11076456093591,47.060392781165206,35.15571546793247,33.69555838765243
PSO,teamSizeModel,100.0,81.74669302817648,62.68342687233339,75.67408667169954,75.62189857994571,68.67253228200424,61.10108393035695,62.38699851117159,73.02710665794471,61.13761559458465
PSO,teamSizeModel,100.0,88.5154387093941,60.79809793654739,54.691276668789904,40.060637905403965,46.89883794300198,50.449279803714795,49.573922804837586,47.1592241018981,65.59801043913959
PSO,teamSizeModel,100.0,100.0,95.71051702359125,79.69402853848388,66.64138580545597,49.52950235077127,55.695808555309455,59.448757307765966,35.79031907630123,38.8218420972017
PSO,teamSizeModel,100.0,68.04982267619344,43.933923150050944,48.52307684868258,52.45495291417684,50.01889926490322,44.72309842481563,49.46920294840046,38.51396168083372,48.35654686539888
PSO,teamSizeModel,100.0,100.0,86.75632413509679,74.74540716795137,83.634842889398,73.19032140243112,57.35247973777364,62.83910506139553,63.20667078779122,58.937253504272036
PSO,teamSizeModel,100.0,79.80388765868256,45.91520770755736,34.31589774434626,28.242901270323163,35.98568851927006,41.64088323027153,32.43366539500468,32.655312770980565,36.494132020709955
PSO,teamSizeModel,100.0,85.57311769619619,56.809006697037255,56.078550247873615,56.09618702330614,36.01377873080667,38.9054750360974,38.24777028559291,36.42677322218489,37.3438855446761
PSO,teamSizeModel,100.0,98.92072110208933,77.24993691509323,73.96476342759316,43.02149028800619,42.52090369390945,44.535478742019784,44.43686042166976,37.737915156933184,34.848792843958826
PSO,teamSizeModel,100.0,80.22854611076599,64.76118969755234,45.760206133738116,36.78455610342041,42.451793385952634,29.229995784432532,23.925603928657814,29.515794178648065,25.48564170722149
PSO,teamSizeModel,100.0,61.543238924985936,43.93887701395756,58.89284052657282,61.9784759168822,51.3622661555914,48.69400355228698,46.54380289082926,44.190599901061724,44.30428120491524
PSO,teamSizeModel,100.0,90.3286729722557,75.10822387941232,58.54013085647335,46.873762324371995,54.07705125268644,55.60570225966731,47.96244722476287,44.12958934122651,48.683833093225786
PSO,teamSizeModel,100.0,69.39022760622395,53.29415661441206,48.582716011853094,73.85199103989301,46.68906060105168,37.53936512942695,31.692217664482374,33.34187038750499,34.70455649433599
PSO,teamSizeModel,100.0,74.5587150348672,58.63815938122047,50.29764495845082,47.883718690246425,42.973563860342765,43.40894299293062,40.29050909241016,39.12840070826265,42.447652204910575
PSO,teamSizeModel,100.0,84.26577280664824,60.33292979928895,37.06039608661465,55.650124086981876,42.154210645613425,42.120521395884595,30.451912859807777,24.6654473263843,24.957870014030526
PSO,teamSizeModel,100.0,79.80310332156176,57.53497037122799,71.81806574846227,80.99804732457841,63.971266795319636,46.76758769306523,44.10942304321743,50.079457003386864,43.98817137232309
PSO,teamSizeModel,100.0,93.90474303198252,80.35851274790409,47.714721730400406,32.33991435591677,38.66613509693762,34.6557020089001,41.55523223379616,37.13480428243906,41.12132100344963
PSO,teamSizeModel,100.0,79.85689285069792,68.9717254009833,64.56465024438876,69.933269071513,74.5129289894847,74.2201512692913,44.2196805616902,43.832905783961095,63.708660646665585
PSO,teamSizeModel,100.0,89.25830220414497,66.20944987939552,51.42087989068346,37.78558520796048,32.90879889599219,30.945038898429527,36.92236349878454,29.036791550974662,31.19068237515644
BA,teamSizeModel,100.0,74.48351421481307,92.01676523221049,100.0,66.27071493967853,52.71419126330304,48.896276858354625,56.35423244822184,64.4394889400549,53.244984334197255
BA,teamSizeModel,100.0,84.50315694400965,85.665832104178,69.2565619517225,64.47507322837302,77.08942932837469,89.49781994384703,73.84959225672762,83.38476436301515,59.12408994029978
BA,teamSizeModel,100.0,88.95121344897956,84.78623811992502,67.33599933552587,67.73398065847101,88.71612789720457,100.0,96.3595006374506,100.0,63.473980688823474
BA,teamSizeModel,100.0,100.0,100.0,61.64406171388423,84.1270744580855,30.65699188144595,27.08332674669054,46.34106520079207,35.90321842418159,70.34605045846682
BA,teamSizeModel,100.0,72.13242474754051,67.31790463278631,31.129941799657356,41.758466964753154,58.11072492803891,58.21633756290914,51.29015476547051,48.27193446558999,39.00663831092795
BA,teamSizeModel,100.0,74.3435177159597,99.11053303302512,93.96912728244477,99.41456627110047,93.23695790886616,100.0,93.71242966849391,69.67160647130115,95.92008378620092
BA,teamSizeModel,100.0,35.271123256587856,72.80856612213222,76.38680019806434,39.05447249881016,73.54151098300912,31.578366546143705,54.426828636427494,65.12939615483845,30.336052355646203
BA,teamSizeModel,100.0,100.0,100.0,36.046032009419314,47.55733123044985,41.731186863345755,38.34995968005367,71.14543919166658,43.89703402038651,44.37158881921162
BA,teamSizeModel,100.0,100.0,97.42383502191075,81.63984968225255,75.95507644250239,89.08007229329355,69.92260160393496,72.72599616516466,88.5409062409899,85.11847913492082
BA,teamSizeModel,100.0,67.05862507276848,62.17629157659217,81.19967705784681,57.257785776777745,79.16243436705061,67.84838703553332,90.45143933451075,74.47070108619803,56.52738349177796
BA,teamSizeModel,100.0,100.0,100.0,100.0,57.79319527986415,82.84134234161569,89.2245531485187,59.99448063867633,54.47214809651067,100.0
BA,teamSizeModel,100.0,85.93899578732322,86.83827580565583,40.73450462397064,64.67351780046565,73.87866575483446,25.86376463376257,75.57744792317823,54.04461641735689,25.45825714327688
BA,teamSizeModel,100.0,93.22046478841332,34.7099065434605,29.254038241669623,62.2985347474517,58.14320060500341,60.97741790463501,33.82721907340812,62.18159596169572,42.0839716564609
BA,teamSizeModel,100.0,79.58011499388313,100.0,63.73858417999574,76.82214131954026,70.45626619947245,92.50213978825242,95.11908480244637,95.59326496122176,60.136683663583504
BA,teamSizeModel,100.0,31.468956990920045,100.0,49.44479958610039,93.58515734338388,74.97152990479474,71.40192493817119,93.54907643064847,78.57343587900995,58.68082599088551
BA,teamSizeModel,100.0,100.0,28.13550703937243,53.56714188103104,36.7796166324069,33.7979810619578,49.183690204351855,48.38061266590271,44.7242460067487,40.52308119132555
BA,teamSizeModel,100.0,87.93168125035449,85.9967237492528,98.05273930091451,92.72461571948503,59.03845963961244,67.13536200368762,93.5237643521654,84.14593130708639,61.565927970892446
BA,teamSizeModel,100.0,100.0,89.57355940377448,64.17964652814061,73.79496866097188,54.01657490149421,73.55876980517336,60.42727268096002,56.27676609984904,71.62860492220572
BA,teamSizeModel,100.0,97.93697034456909,89.17346176976709,84.66147774276229,95.05603439772405,90.53690361671659,68.5542823883509,69.99077994288305,84.05082731742498,94.48667632884649
BA,teamSizeModel,100.0,100.0,77.58130859183247,53.956850746539885,59.48128942070954,95.51049206962061,80.58693498538364,46.82502399207576,47.89195825625326,61.120230267582976
BA,teamSizeModel,100.0,100.0,99.79486456904266,98.04715131816334,41.51744576769069,31.319574492077717,49.13318326881067,76.60542117344194,81.98057877768609,89.98526118007665
BA,teamSizeModel,100.0,61.73438747301464,28.975249190311786,46.216900918050136,99.86037833817468,45.04751151784488,32.48573668763553,39.14350981780039,35.11953002931156,35.16846718985169
BA,teamSizeModel,100.0,64.88359757941926,57.595415068919756,53.900266825105405,47.12549069961667,46.88357782522722,62.57779373871468,53.64349609690089,51.39536774327858,75.20926569531761
BA,teamSizeModel,100.0,100.0,72.3483298269317,74.07769014718811,99.976088814705,92.65668112142251,75.10005488061321,78.03951505127323,61.26452607031084,61.71625359791142
BA,teamSizeModel,100.0,100.0,57.05778436655072,73.62449455614278,56.74061677120502,47.92316788923168,44.502311412213025,51.27540485658931,47.43239609663296,51.12709817441867
BA,teamSizeModel,100.0,80.8896320716383,38.37359891747201,33.559595283692964,41.450064084706604,49.05818288490671,44.437097124986686,84.06159797444218,54.736484145610284,49.432520216301995
BA,teamSizeModel,100.0,94.62755678602221,50.795333030158154,67.13882783474668,72.90835284452952,51.28222770644013,47.55363236543225,67.83446941807631,59.63836367395575,59.613324931519806
BA,teamSizeModel,100.0,94.18739787998815,88.18380750578415,100.0,79.63906473481573,87.9024219432854,100.0,73.06590496362615,100.0,66.88404688604311
BA,teamSizeModel,100.0,70.91002654275755,76.24089292198978,71.88533107689679,77.61215762386472,77.8412007454661,77.3775007002633,100.0,87.0968845891078,84.07032703481163
BA,teamSizeModel,100.0,100.0,99.89123574317685,100.0,83.01195041068814,78.92727008187799,55.59454189148624,74.79485965022644,57.93475325325329,79.82273432031252
WOA,teamSizeModel,100.0,59.56801038093788,44.68406598233489,33.88536905156277,41.92194937759416,30.35239156734081,21.520544168660848,33.742807919745786,24.93675100965716,31.792655120152048
WOA,teamSizeModel,100.0,100.0,55.18580204570138,32.19357947670296,38.60149547910577,18.30066728868701,16.44516375560606,16.418098887084266,16.902436681676612,16.64949262895018
WOA,teamSizeModel,100.0,63.18234354022789,35.78220530471893,36.77675491365541,35.867523466978135,32.253553239621255,37.24256147217828,27.995296979777713,32.57187032930587,31.821606131142953
WOA,teamSizeModel,100.0,60.675077102954944,31.002143504409585,49.3110092309082,66.51737871021109,43.7133479480023,41.20760125948386,32.03005674843085,35.83762503092382,31.677730274706928
WOA,teamSizeModel,100.0,100.0,52.0928922590274,48.866232266893775,45.09630969180407,27.16519616318841,29.880882115957597,25.469734143616407,37.563674604756784,32.24672326631533
WOA,teamSizeModel,100.0,92.33925292857205,100.0,89.73227042201862,50.3936256709382,51.278954134008394,41.62607584683021,38.48886349926928,36.913531268486146,36.91227573784565
WOA,teamSizeModel,100.0,100.0,73.6365757598736,73.03195915426912,34.82982074104159,17.53276964316335,20.061658854945442,22.533296759825173,19.783996704705736,18.142469308726426
WOA,teamSizeModel,100.0,98.32259418116766,85.99902685223766,43.42073462176686,60.19196889457056,47.683435099085784,46.64282222999535,36.54485332020214,37.709365482729076,35.81275322166294
WOA,teamSizeModel,100.0,71.805209379258,45.06497258218587,60.747195822717316,51.15033664457543,37.272149230725965,40.91009707917854,48.24782955196456,43.35925028120209,37.41631924190893
WOA,teamSizeModel,100.0,74.46288555663138,69.46101519471917,41.11455428126307,30.838685949381578,34.46474509528642,31.806800530772534,27.295254640832283,27.382005623764417,34.01053937856569
WOA,teamSizeModel,100.0,77.4598205876525,51.15459453641208,29.628948649514776,24.899155778550274,19.14527898938057,20.375400888988906,21.409035199949113,22.81904892374608,20.810022041249677
WOA,teamSizeModel,100.0,66.30930475289966,38.02294870494812,40.568171720199175,41.50133180961991,40.34742417216417,33.515798725471626,30.090898624504714,39.3663660298679,41.44037065141471
WOA,teamSizeModel,100.0,49.32852436265397,26.602905423776175,33.697789331694594,35.49887862916082,33.34101944958548,36.43311289025147,24.824706865054672,27.31510430790055,25.591211392979275
WOA,teamSizeModel,100.0,100.0,81.37984397685669,95.25632935199026,36.55190285164563,100.0,54.77781023359077,63.46352393941661,61.25678492101652,61.27154571712621
WOA,teamSizeModel,100.0,88.8025720935947,95.46637694305275,80.08932120469481,46.06851694995946,37.92973199635766,43.053347094962376,38.42190956795089,38.13506475296083,33.99071029389341
WOA,teamSizeModel,100.0,69.8461217610555,78.9467246319418,86.61416907684188,72.84783412292566,31.754664179650955,45.61421535689242,29.53359668049014,38.29470316034163,49.06541831600371
WOA,teamSizeModel,100.0,64.91722381218224,34.16505767077973,21.531003608733787,21.165284626345123,22.62781521219589,21.421529654609888,21.247131084160152,20.330243550409556,20.32989820670569
WOA,teamSizeModel,100.0,100.0,71.40373693708453,78.83378938892683,56.59676873341128,66.12172870020775,65.91358701518931,58.02696274546042,58.13130890765883,59.54461664543835
WOA,teamSizeModel,100.0,88.53427498850638,60.98623999592336,58.11561221095918,44.71448656616388,44.217297430835586,52.17671996304053,32.11909508280094,35.819037542850516,37.04522425280807
WOA,teamSizeModel,100.0,100.0,52.52009233040913,66.35404191513437,53.20118785106908,32.335007333397854,25.597141386680466,26.601114736709874,24.72679688953997,24.52007877676891
WOA,teamSizeModel,100.0,100.0,39.02497326823433,49.913136502901544,27.05390048943205,50.67347026464729,30.974689348015644,25.09383421454755,26.5603562608323,24.161219388962138
WOA,teamSizeModel,100.0,97.31160268778409,40.72280159944358,53.593824497779906,26.614046088192516,36.5605783884546,33.31310462788833,41.560001127398515,36.49812334140634,39.894470310797594
WOA,teamSizeModel,100.0,38.91084630632066,24.911827731820047,32.16738094157638,21.756635052481567,27.985269244472672,24.26879170929779,24.737717864515954,24.498499685488902,24.46484819853097
WOA,teamSizeModel,100.0,82.22860148462473,53.16799489595784,44.287227079968886,33.319511071264415,42.75696278670079,29.179945106889594,54.02312585359284,48.082540479608774,47.796516861085195
WOA,teamSizeModel,100.0,80.58157337627128,99.4863437162922,58.94624996137481,35.629061189325206,39.17921258474212,37.77351090617075,35.673443180801854,43.64527285389565,48.429431256812954
WOA,teamSizeModel,100.0,100.0,61.30345391370252,33.94069605045102,23.359240213480657,29.40013254611351,22.686892153429223,30.558475334533647,24.940568163170795,27.41814493330546
WOA,teamSizeModel,100.0,72.50016598267578,46.972294008596464,29.999363680781617,22.84467573385993,28.75155047900278,29.867531391434337,24.962627227760485,26.53778713277195,26.140784183739875
WOA,teamSizeModel,100.0,62.24415801442201,50.97032109244313,27.93546688730764,19.480645700805223,19.967826061982922,19.315443221933286,18.494717624900332,18.84948955077427,19.902714979116656
WOA,teamSizeModel,100.0,52.577121413364615,55.669368525148,61.585383683851106,34.80696589661952,32.18850536988975,46.9031322351931,38.119523770452865,45.2389568551922,40.312760837097
WOA,teamSizeModel,100.0,85.40902308141337,68.4130877204446,81.76967605303204,57.809101962622755,48.60996797648574,59.2425042186096,63.00193122508476,48.17079435031052,58.98471013976487
CSA,teamSizeModel,100.0,92.76497209831588,85.95794827833592,78.05453044083986,71.94228036992759,65.16310613060654,58.35534942692502,54.97712200463846,51.176203907483966,48.10285610504147
CSA,teamSizeModel,100.0,93.42102267766118,89.14209726958886,90.136714313596,85.99765692733715,80.05197092598722,75.90384801979603,72.12093605945121,65.25930877636426,60.84375303216852
CSA,teamSizeModel,100.0,93.11604286956585,86.34456869877927,79.38830109428595,72.11547430335573,67.62178006543344,60.56990194523962,53.05885231477,45.84407476551506,43.01532919280546
CSA,teamSizeModel,100.0,95.54759876523504,91.15273353052167,87.6924594761343,84.2686986525488,76.92179403057082,71.14385187153933,65.13207750716978,57.587116269629455,52.735835649891115
CSA,teamSizeModel,100.0,92.77376520397112,86.31280874571614,79.25280244108892,73.57437444707404,68.30054032835766,61.51183146724456,53.451709875905685,47.97832315784148,44.41421180092424
CSA,teamSizeModel,100.0,92.81311185023853,86.54645329316804,79.16362272062828,73.52153063616362,68.6430891547591,63.74124829920581,58.000966317612324,52.65388129601368,51.729824702877835
CSA,teamSizeModel,100.0,92.33315184078819,85.63621826910133,75.53151743419899,71.02392733430058,66.36431694283422,60.070425598709456,54.22983112398746,48.87281194037725,45.64005646737193
CSA,teamSizeModel,100.0,95.8226024446186,91.16319747900086,85.35768600459896,80.99819676090604,74.56072001530542,66.7937061631363,62.117564829107586,56.30602826207773,49.87725442805083
CSA,teamSizeModel,100.0,93.927030194697,85.54124536582623,78.35849427630544,71.95239741537527,65.28677357704206,62.212043607564674,55.93445787798402,53.1099585409507,47.597611321021446
CSA,teamSizeModel,100.0,92.09389195640095,84.15296918562841,90.76301988581109,87.92482837736543,79.97164132770214,71.97315557052325,65.80036597498359,59.861685638591226,53.42793394746212
CSA,teamSizeModel,100.0,94.01140332564921,85.53846936579383,77.20508555859159,68.18428803646822,61.466929453817556,55.41114196522633,50.254462327448344,45.40197187272991,41.55594382298772
CSA,teamSizeModel,100.0,95.54747189228904,89.95707549038522,98.20249791207223,93.62628846803598,89.90622871878482,90.78093061401879,84.85109765575558,78.03385110935824,71.99682765961309
CSA,teamSizeModel,100.0,95.3709776011078,88.93799794382382,82.18166745720538,76.63364796441549,73.28101041815896,68.16270715908975,63.1167323750032,59.23120415277131,54.418524155638735
CSA,teamSizeModel,100.0,90.0474691968098,80.29547446204212,72.29259987962614,64.9526084122734,56.35926651728005,50.48615925412885,57.04164619455102,49.470481203877895,44.24702724572037
CSA,teamSizeModel,100.0,94.13404820983654,87.48829727296483,79.39351657840395,71.4034850229531,64.54678095870695,59.23294442260276,52.7297687028531,47.76946051124536,42.60019960985038
CSA,teamSizeModel,100.0,94.15296314422675,86.27217433861927,79.9513657218051,70.73592719911903,65.92454385757236,60.15189494598695,57.94264522491353,51.70055783058937,48.0256670004269
CSA,teamSizeModel,100.0,90.40355821469628,80.24815752712165,72.91304772188238,66.18396704226313,57.557858298708666,52.275206357422036,47.872669529798806,41.11698927083904,37.21727029784633
CSA,teamSizeModel,100.0,93.24030793314496,86.8919198809398,78.98772968636325,73.44108641633801,67.33560616988625,62.62200255272076,56.323909828394,61.66322458016498,58.1814839380357
CSA,teamSizeModel,100.0,92.64238505058324,86.66962596273304,80.34686501052619,72.03848742092022,64.0100355648201,60.66551017376393,56.392476048937276,50.681081989664946,44.89823868616723
CSA,teamSizeModel,100.0,92.60535303385488,87.26669435969875,81.42699652194861,76.07106063525477,68.23584474939773,63.01668679529415,55.77789468391644,51.23866703155778,44.87741334032522
CSA,teamSizeModel,100.0,100.0,95.01483227965737,90.29377940542564,83.71566901947686,80.19138654168495,75.56112314580385,67.58334163528313,62.316864091869306,56.21814966357491
CSA,teamSizeModel,100.0,92.49787028571342,86.71150542274977,79.7060444812146,73.84847885012928,66.20568420369985,60.40455820588172,54.96725076712451,51.25525950224312,47.765553562229506
CSA,teamSizeModel,100.0,94.30224571643446,85.72562611064623,79.36813185740463,73.59040909266622,76.51259067552412,71.18010908981577,64.2990711863957,68.64277582260225,64.10966667174277
CSA,teamSizeModel,100.0,94.61063147156925,91.09627138553934,84.99480948690717,80.4379242150068,77.01833914587418,70.55826907519817,71.3004599169818,67.6304894991543,60.67156984629577
CSA,teamSizeModel,100.0,94.571589431742,89.56829535376924,84.93016544052875,78.52616702918021,74.84454921908157,69.86169343391099,65.34585263927019,59.12801301152816,56.90330484001128
CSA,teamSizeModel,100.0,89.45565771834137,94.89839910196226,86.90485726932245,75.51541696656024,68.31851569968552,60.18153979924381,54.03374244044768,51.083167984886124,48.47809518588811
CSA,teamSizeModel,100.0,95.31809980691379,84.09354421579694,89.02721325829765,93.14221670435772,85.91678419483533,80.45456730290142,72.60388102827667,63.63399051411881,58.13467523212218
CSA,teamSizeModel,100.0,91.9302034834104,92.35599676694905,88.18254672591553,80.21919853021053,72.94522993642538,66.78474457221147,60.86165586012924,55.99291242157125,50.71991881203463
CSA,teamSizeModel,100.0,92.31067095756255,84.6344412831701,78.68405334871147,88.8622623197062,82.31912798120959,74.29003408010392,67.29005928103659,61.94183292139833,53.60695064749129
CSA,teamSizeModel,100.0,93.30510684865159,89.11177238636631,84.5677039223155,79.4382191464942,78.57041038477281,72.63952420418211,68.34142085350177,62.44921857016459,57.48301207733436
DE,teamSizeModel,100.0,85.91016214696165,77.38693601088272,74.10740478646856,70.71085325187893,60.319005327363506,58.09561943402767,56.659528412316085,58.810332087948055,56.58250238536509
DE,teamSizeModel,100.0,67.01461570866321,58.52038961409487,44.290240218246645,52.20811976022325,43.33544309749296,42.49999561683348,43.29361971934029,43.29361971934029,51.805187214606065
DE,teamSizeModel,100.0,100.0,80.46873815412677,79.1620421628641,79.1620421628641,66.09892547374109,62.39405801616103,54.52697950405905,56.51200444372718,75.92989119624087
DE,teamSizeModel,100.0,85.29062280017983,64.83383634783004,43.94336158881641,43.94336158881641,46.488682417383636,50.868518638995496,48.090419422186955,52.1945241005844,45.597058055280755
DE,teamSizeModel,100.0,86.07822824025611,71.49746496722415,64.20477916457774,61.80614222285426,59.81073435394691,57.98583477868754,55.17936043188713,55.064152125368224,54.796868854244366
DE,teamSizeModel,100.0,100.0,100.0,80.28371284283816,73.08405136174405,64.01588378010315,56.37787234461915,52.603016981995545,49.99026203802423,47.9735368881514
DE,teamSizeModel,100.0,92.5905144358344,88.54223646581998,76.32943696104199,69.6972306530239,69.98886484133993,67.73982152466525,65.46235623201062,65.79724125333965,65.79724125333965
DE,teamSizeModel,100.0,100.0,97.44225075725234,84.92045410040268,77.35584863368415,74.62116770788231,68.51392057789926,67.91794017182212,64.3498178968968,62.44392222329598
DE,teamSizeModel,100.0,87.49460657895374,87.49460657895372,84.62749211992285,75.85954278554044,56.51833180345701,51.266514164711786,51.24662091608019,56.88138359098388,60.606394397252984
DE,teamSizeModel,100.0,100.0,84.91474738287013,64.59387118274552,60.307806005890654,53.98231126258409,51.30168504043999,60.911477157560356,51.93635552151973,51.93635552151973
DE,teamSizeModel,100.0,91.25067755553302,86.5824149089886,83.88128180532765,83.6647507548983,87.51092941337198,72.36109591892591,70.05265472028084,68.46170200229578,64.88710466130966
DE,teamSizeModel,100.0,78.31956196669479,69.16837507137433,55.83262467288208,47.452635723636114,46.57281834853705,45.01005631344597,43.18660764869591,45.152619314040734,52.90125783208137
DE,teamSizeModel,100.0,92.18186126089863,53.55925440162359,45.90821177731653,51.35598054922301,51.35598054922301,52.28562277745923,67.64322530199846,67.64322530199846,64.59521799630598
DE,teamSizeModel,100.0,86.63699044863202,67.45718322382777,62.638261097543825,52.85126818668275,52.244020077917405,46.55240074269153,46.618097175511174,45.31659757397613,47.06465536075819
DE,teamSizeModel,100.0,100.0,80.8619722957922,66.21247301109975,48.14054264597017,42.07873041743769,41.07154142189342,41.462347993630985,40.788494015157,39.79423611941287
DE,teamSizeModel,100.0,88.92205985448133,90.71582697787906,80.59303926239893,74.5376470623939,72.73245467069432,64.82616900578208,64.72562664472538,67.27117642238785,61.90130032049663
DE,teamSizeModel,100.0,93.02210367611069,79.79855940799955,66.01027455949125,61.194026502376076,59.83801098447352,60.989028862316694,60.38998906587857,61.8369373890993,59.43599226622474
DE,teamSizeModel,100.0,78.31527068077297,73.18726218506578,79.58207119848717,46.753840639435666,39.83783369872611,43.0949588012719,47.47446916251252,45.03026804933419,47.59065286713719
DE,teamSizeModel,100.0,100.0,90.90938874477264,97.04266953481019,97.31196945284321,79.96547731562758,74.22471854633939,69.36241412222184,59.801770168730116,62.58122356628923
DE,teamSizeModel,100.0,74.83419798255119,81.95391574836893,86.31161574843497,80.23990961956098,55.768837896924836,58.632276143671106,52.38308417305665,50.862199543475775,55.34287187674772
DE,teamSizeModel,100.0,100.0,82.80587435621679,80.67728331039505,86.64596766185471,83.25172788608486,84.51018543006734,97.42915101729297,97.42915101729297,93.10365265897613
DE,teamSizeModel,100.0,93.22100036327534,94.10138992648632,85.73181981222712,71.31984266246312,69.9625754191795,59.22475737988271,58.8139089170509,58.44634627441033,54.602712173025004
DE,teamSizeModel,100.0,100.0,94.71132217324038,80.34019579539724,62.04776342207202,50.840803265367086,41.769655307930456,45.41651831484438,45.94683903098924,45.92746658473737
DE,teamSizeModel,100.0,79.32102718589523,68.71724101099008,57.076127927670285,48.52414258214848,52.9337755510605,55.10282214212292,53.60843548478994,51.895951838570944,51.895951838570944
DE,teamSizeModel,100.0,94.02516426418862,98.20483960318595,88.97839258257932,83.11194388959451,72.00057845233302,68.71678976419867,70.15630517673821,69.1164669846214,67.62783869330104
DE,teamSizeModel,100.0,81.80304602430618,88.52004245828714,85.70393272339884,81.23551370528536,77.92371118542948,69.10540838039032,66.9753661957108,65.6858465594546,56.310787365502556
DE,teamSizeModel,100.0,85.19030520526026,59.21416228523033,61.25191042238007,60.790501121964844,51.583756066282014,51.25699594832997,51.99456471851044,47.54513823049157,52.48427607638606
DE,teamSizeModel,100.0,84.19192669162535,71.90354982620362,55.75260054075175,57.176281228180834,49.445173327649805,50.76077354404366,48.74749525255367,47.64880136078903,48.072924036782325
DE,teamSizeModel,100.0,71.6270457880376,53.88179120275801,68.29998935039774,66.1730190482608,63.247898491522356,56.9113292659228,53.029286629742835,47.064615372237135,45.64282083267821
DE,teamSizeModel,100.0,75.29604864327095,80.95220780208166,80.90838503542244,53.96418362447572,53.0015938878574,55.62038197821778,55.62038197821778,54.57996905253219,54.57996905253219
